<?xml version="1.0" encoding="UTF-8"?>
<GenRun Id="synth_1" LaunchPart="xc7a100tcsg324-1" LaunchTime="1677975353" LaunchIncrCheckpoint="$PSRCDIR/utils_1/imports/synth_1/vgaDriver.dcp">
  <File Type="PA-TCL" Name="vgaDriver.tcl"/>
  <File Type="REPORTS-TCL" Name="vgaDriver_reports.tcl"/>
  <File Type="RDS-RDS" Name="vgaDriver.vds"/>
  <File Type="RDS-UTIL" Name="vgaDriver_utilization_synth.rpt"/>
  <File Type="RDS-UTIL-PB" Name="vgaDriver_utilization_synth.pb"/>
  <File Type="RDS-DCP" Name="vgaDriver.dcp"/>
  <FileSet Name="sources" Type="DesignSrcs" RelSrcDir="$PSRCDIR/sources_1" RelGenDir="$PGENDIR/sources_1">
    <Filter Type="Srcs"/>
    <File Path="$PSRCDIR/sources_1/new/buttonDebouncer.vhd">
      <FileInfo>
        <Attr Name="ImportPath" Val="$PPRDIR/../../../../project_1.srcs/sources_1/new/buttonDebouncer.vhd"/>
        <Attr Name="ImportTime" Val="1677807076"/>
        <Attr Name="UsedIn" Val="synthesis"/>
        <Attr Name="UsedIn" Val="simulation"/>
      </FileInfo>
    </File>
    <File Path="$PSRCDIR/sources_1/new/pulse25MHz.vhd">
      <FileInfo>
        <Attr Name="ImportPath" Val="$PPRDIR/../../../../project_1.srcs/sources_1/new/pulse25MHz.vhd"/>
        <Attr Name="ImportTime" Val="1677721671"/>
        <Attr Name="UsedIn" Val="synthesis"/>
        <Attr Name="UsedIn" Val="simulation"/>
      </FileInfo>
    </File>
    <File Path="$PSRCDIR/sources_1/new/vgaDriver.vhd">
      <FileInfo>
        <Attr Name="ImportPath" Val="$PPRDIR/../../../../project_1.srcs/sources_1/new/vgaDriver.vhd"/>
        <Attr Name="ImportTime" Val="1677975172"/>
        <Attr Name="UsedIn" Val="synthesis"/>
        <Attr Name="UsedIn" Val="simulation"/>
      </FileInfo>
    </File>
    <Config>
      <Option Name="DesignMode" Val="RTL"/>
      <Option Name="TopModule" Val="vgaDriver"/>
      <Option Name="TopAutoSet" Val="TRUE"/>
    </Config>
  </FileSet>
  <FileSet Name="constrs_in" Type="Constrs" RelSrcDir="$PSRCDIR/constrs_1">
    <Filter Type="Constrs"/>
    <File Path="$PSRCDIR/constrs_1/imports/Lab04/Nexys-4-DDR-Master.xdc">
      <FileInfo>
        <Attr Name="ImportPath" Val="$PPRDIR/../../../../../Nexys-4-DDR-Master.xdc"/>
        <Attr Name="ImportTime" Val="1677963106"/>
        <Attr Name="UsedIn" Val="synthesis"/>
        <Attr Name="UsedIn" Val="implementation"/>
      </FileInfo>
    </File>
    <Config>
      <Option Name="ConstrsType" Val="XDC"/>
    </Config>
  </FileSet>
  <FileSet Name="utils" Type="Utils" RelSrcDir="$PSRCDIR/utils_1">
    <Filter Type="Utils"/>
    <File Path="$PSRCDIR/utils_1/imports/synth_1/vgaDriver.dcp">
      <FileInfo>
        <Attr Name="ImportPath" Val="$PPRDIR/../../../../project_1.srcs/utils_1/imports/synth_1/vgaDriver.dcp"/>
        <Attr Name="ImportTime" Val="1677975193"/>
        <Attr Name="UsedIn" Val="synthesis"/>
        <Attr Name="UsedIn" Val="implementation"/>
        <Attr Name="UsedInSteps" Val="synth_1"/>
        <Attr Name="AutoDcp" Val="1"/>
      </FileInfo>
    </File>
    <Config>
      <Option Name="TopAutoSet" Val="TRUE"/>
    </Config>
  </FileSet>
  <Strategy Version="1" Minor="2">
    <StratHandle Name="Vivado Synthesis Defaults" Flow="Vivado Synthesis 2022"/>
    <Step Id="synth_design"/>
  </Strategy>
</GenRun>
