<?xml version="1.0" encoding="UTF-8"?>
<GenRun Id="synth_1" LaunchPart="xc7a100tcsg324-1" LaunchTime="1677986613" LaunchIncrCheckpoint="$PSRCDIR/utils_1/imports/synth_1/vgaDriver.dcp">
  <File Type="PA-TCL" Name="lab4_top.tcl"/>
  <File Type="REPORTS-TCL" Name="lab4_top_reports.tcl"/>
  <File Type="RDS-RDS" Name="lab4_top.vds"/>
  <File Type="RDS-UTIL" Name="lab4_top_utilization_synth.rpt"/>
  <File Type="RDS-UTIL-PB" Name="lab4_top_utilization_synth.pb"/>
  <File Type="RDS-DCP" Name="lab4_top.dcp"/>
  <FileSet Name="sources" Type="DesignSrcs" RelSrcDir="$PSRCDIR/sources_1" RelGenDir="$PGENDIR/sources_1">
    <Filter Type="Srcs"/>
    <File Path="$PSRCDIR/sources_1/new/buttonDebouncer.vhd">
      <FileInfo>
        <Attr Name="ImportPath" Val="$PPRDIR/../../../../../../../../Desktop/525.642_VHDL/Module0456/Lab04/project_4/project_1.srcs/sources_1/new/buttonDebouncer.vhd"/>
        <Attr Name="ImportTime" Val="1677807076"/>
        <Attr Name="UsedIn" Val="synthesis"/>
        <Attr Name="UsedIn" Val="simulation"/>
      </FileInfo>
    </File>
    <File Path="$PSRCDIR/sources_1/new/kHzPulseGenerator.vhd">
      <FileInfo>
        <Attr Name="ImportPath" Val="$PPRDIR/../../../../../../../../Desktop/525.642_VHDL/Module0456/Lab04/project_4/project_1.srcs/sources_1/new/kHzPulseGenerator.vhd"/>
        <Attr Name="ImportTime" Val="1677985299"/>
        <Attr Name="UsedIn" Val="synthesis"/>
        <Attr Name="UsedIn" Val="simulation"/>
      </FileInfo>
    </File>
    <File Path="$PSRCDIR/sources_1/new/pulse25MHz.vhd">
      <FileInfo>
        <Attr Name="ImportPath" Val="$PPRDIR/../../../../../../../../Desktop/525.642_VHDL/Module0456/Lab04/project_4/project_1.srcs/sources_1/new/pulse25MHz.vhd"/>
        <Attr Name="ImportTime" Val="1677721671"/>
        <Attr Name="UsedIn" Val="synthesis"/>
        <Attr Name="UsedIn" Val="simulation"/>
      </FileInfo>
    </File>
    <File Path="$PSRCDIR/sources_1/new/vgaDriver.vhd">
      <FileInfo>
        <Attr Name="ImportPath" Val="$PPRDIR/../../../../../../../../Desktop/525.642_VHDL/Module0456/Lab04/project_4/project_1.srcs/sources_1/new/vgaDriver.vhd"/>
        <Attr Name="ImportTime" Val="1677985038"/>
        <Attr Name="UsedIn" Val="synthesis"/>
        <Attr Name="UsedIn" Val="simulation"/>
      </FileInfo>
    </File>
    <File Path="$PSRCDIR/sources_1/new/seg7_hex.vhd">
      <FileInfo>
        <Attr Name="ImportPath" Val="$PPRDIR/../../../../../../../../Desktop/525.642_VHDL/Module0456/Lab04/project_4/project_1.srcs/sources_1/new/seg7_hex.vhd"/>
        <Attr Name="ImportTime" Val="1677982166"/>
        <Attr Name="UsedIn" Val="synthesis"/>
        <Attr Name="UsedIn" Val="simulation"/>
      </FileInfo>
    </File>
    <File Path="$PSRCDIR/sources_1/new/seg7_controller.vhd">
      <FileInfo>
        <Attr Name="ImportPath" Val="$PPRDIR/../../../../../../../../Desktop/525.642_VHDL/Module0456/Lab04/project_4/project_1.srcs/sources_1/new/seg7_controller.vhd"/>
        <Attr Name="ImportTime" Val="1677985200"/>
        <Attr Name="UsedIn" Val="synthesis"/>
        <Attr Name="UsedIn" Val="simulation"/>
      </FileInfo>
    </File>
    <File Path="$PSRCDIR/sources_1/new/sevenSegmentDisplayDriver.vhd">
      <FileInfo>
        <Attr Name="ImportPath" Val="$PPRDIR/../../../../../../../../Desktop/525.642_VHDL/Module0456/Lab04/project_4/project_1.srcs/sources_1/new/sevenSegmentDisplayDriver.vhd"/>
        <Attr Name="ImportTime" Val="1677985363"/>
        <Attr Name="UsedIn" Val="synthesis"/>
        <Attr Name="UsedIn" Val="simulation"/>
      </FileInfo>
    </File>
    <File Path="$PSRCDIR/sources_1/new/lab4_top.vhd">
      <FileInfo>
        <Attr Name="ImportPath" Val="$PPRDIR/../../../../../../../../Desktop/525.642_VHDL/Module0456/Lab04/project_4/project_1.srcs/sources_1/new/lab4_top.vhd"/>
        <Attr Name="ImportTime" Val="1677984484"/>
        <Attr Name="UsedIn" Val="synthesis"/>
        <Attr Name="UsedIn" Val="simulation"/>
      </FileInfo>
    </File>
    <Config>
      <Option Name="DesignMode" Val="RTL"/>
      <Option Name="TopModule" Val="lab4_top"/>
      <Option Name="TopAutoSet" Val="TRUE"/>
    </Config>
  </FileSet>
  <FileSet Name="constrs_in" Type="Constrs" RelSrcDir="$PSRCDIR/constrs_1">
    <Filter Type="Constrs"/>
    <File Path="$PSRCDIR/constrs_1/imports/project_1.srcs/Nexys-4-DDR-Master.xdc">
      <FileInfo>
        <Attr Name="ImportPath" Val="$PPRDIR/../../../../../../../../Desktop/525.642_VHDL/Module0456/Lab04/project_4/project_1.srcs/Nexys-4-DDR-Master.xdc"/>
        <Attr Name="ImportTime" Val="1677983575"/>
        <Attr Name="UsedIn" Val="synthesis"/>
        <Attr Name="UsedIn" Val="implementation"/>
      </FileInfo>
    </File>
    <Config>
      <Option Name="ConstrsType" Val="XDC"/>
    </Config>
  </FileSet>
  <FileSet Name="utils" Type="Utils" RelSrcDir="$PSRCDIR/utils_1">
    <Filter Type="Utils"/>
    <File Path="$PSRCDIR/utils_1/imports/synth_1/vgaDriver.dcp">
      <FileInfo>
        <Attr Name="ImportPath" Val="$PPRDIR/../../../../../../../../Desktop/525.642_VHDL/Module0456/Lab04/project_4/project_1.srcs/utils_1/imports/synth_1/vgaDriver.dcp"/>
        <Attr Name="ImportTime" Val="1677986602"/>
        <Attr Name="UsedIn" Val="synthesis"/>
        <Attr Name="UsedIn" Val="implementation"/>
        <Attr Name="UsedInSteps" Val="synth_1"/>
        <Attr Name="AutoDcp" Val="1"/>
      </FileInfo>
    </File>
    <Config>
      <Option Name="TopAutoSet" Val="TRUE"/>
    </Config>
  </FileSet>
  <Strategy Version="1" Minor="2">
    <StratHandle Name="Vivado Synthesis Defaults" Flow="Vivado Synthesis 2022"/>
    <Step Id="synth_design"/>
  </Strategy>
</GenRun>
