<?xml version="1.0" encoding="UTF-8"?>
<GenRun Id="synth_1" LaunchPart="xc7a100tcsg324-1" LaunchTime="1681689190" LaunchIncrCheckpoint="$PSRCDIR/utils_1/imports/synth_1/lab7_top.dcp">
  <File Type="PA-TCL" Name="lab7_top.tcl"/>
  <File Type="REPORTS-TCL" Name="lab7_top_reports.tcl"/>
  <File Type="RDS-RDS" Name="lab7_top.vds"/>
  <File Type="RDS-UTIL" Name="lab7_top_utilization_synth.rpt"/>
  <File Type="RDS-UTIL-PB" Name="lab7_top_utilization_synth.pb"/>
  <File Type="RDS-DCP" Name="lab7_top.dcp"/>
  <FileSet Name="sources" Type="DesignSrcs" RelSrcDir="$PSRCDIR/sources_1" RelGenDir="$PGENDIR/sources_1">
    <Filter Type="Srcs"/>
    <File Path="$PSRCDIR/sources_1/new/flipMsbTdata.vhd">
      <FileInfo>
        <Attr Name="ImportPath" Val="$PPRDIR/../../../../../../../../Desktop/525.642_VHDL/Module1112/project_3/project_3.srcs/sources_1/new/flipMsbTdata.vhd"/>
        <Attr Name="ImportTime" Val="1681677706"/>
        <Attr Name="UsedIn" Val="synthesis"/>
        <Attr Name="UsedIn" Val="simulation"/>
      </FileInfo>
    </File>
    <File Path="$PSRCDIR/sources_1/new/sampleRateGenerator.vhd">
      <FileInfo>
        <Attr Name="ImportPath" Val="$PPRDIR/../../../../../../../../Desktop/525.642_VHDL/Module1112/project_3/project_3.srcs/sources_1/new/sampleRateGenerator.vhd"/>
        <Attr Name="ImportTime" Val="1681687213"/>
        <Attr Name="UsedIn" Val="synthesis"/>
        <Attr Name="UsedIn" Val="simulation"/>
      </FileInfo>
    </File>
    <File Path="$PSRCDIR/sources_1/new/phaseAccumulator.vhd">
      <FileInfo>
        <Attr Name="ImportPath" Val="$PPRDIR/../../../../../../../../Desktop/525.642_VHDL/Module1112/project_3/project_3.srcs/sources_1/new/phaseAccumulator.vhd"/>
        <Attr Name="ImportTime" Val="1681673662"/>
        <Attr Name="UsedIn" Val="synthesis"/>
        <Attr Name="UsedIn" Val="simulation"/>
      </FileInfo>
    </File>
    <File Path="$PSRCDIR/sources_1/new/volumeLevelShifter.vhd">
      <FileInfo>
        <Attr Name="ImportPath" Val="$PPRDIR/../../../../../../../../Desktop/525.642_VHDL/Module1112/project_3/project_3.srcs/sources_1/new/volumeLevelShifter.vhd"/>
        <Attr Name="ImportTime" Val="1681682607"/>
        <Attr Name="UsedIn" Val="synthesis"/>
        <Attr Name="UsedIn" Val="simulation"/>
      </FileInfo>
    </File>
    <File Path="$PSRCDIR/sources_1/new/pwmGenerator.vhd">
      <FileInfo>
        <Attr Name="ImportPath" Val="$PPRDIR/../../../../../../../../Desktop/525.642_VHDL/Module1112/project_3/project_3.srcs/sources_1/new/pwmGenerator.vhd"/>
        <Attr Name="ImportTime" Val="1681663795"/>
        <Attr Name="UsedIn" Val="synthesis"/>
        <Attr Name="UsedIn" Val="simulation"/>
      </FileInfo>
    </File>
    <File Path="$PSRCDIR/sources_1/new/lab7_top.vhd">
      <FileInfo>
        <Attr Name="ImportPath" Val="$PPRDIR/../../../../../../../../Desktop/525.642_VHDL/Module1112/project_3/project_3.srcs/sources_1/new/lab7_top.vhd"/>
        <Attr Name="ImportTime" Val="1681688607"/>
        <Attr Name="UsedIn" Val="synthesis"/>
        <Attr Name="UsedIn" Val="simulation"/>
      </FileInfo>
    </File>
    <Config>
      <Option Name="DesignMode" Val="RTL"/>
      <Option Name="TopModule" Val="lab7_top"/>
      <Option Name="TopAutoSet" Val="TRUE"/>
    </Config>
  </FileSet>
  <FileSet Name="constrs_in" Type="Constrs" RelSrcDir="$PSRCDIR/constrs_1">
    <Filter Type="Constrs"/>
    <File Path="$PSRCDIR/constrs_1/imports/new/Nexys-4-DDR-Master.xdc">
      <FileInfo>
        <Attr Name="ImportPath" Val="$PPRDIR/../../../../../../../../Desktop/525.642_VHDL/Module1112/project_3/project_3.srcs/sources_1/new/Nexys-4-DDR-Master.xdc"/>
        <Attr Name="ImportTime" Val="1681665300"/>
        <Attr Name="UsedIn" Val="synthesis"/>
        <Attr Name="UsedIn" Val="implementation"/>
      </FileInfo>
    </File>
    <Config>
      <Option Name="ConstrsType" Val="XDC"/>
    </Config>
  </FileSet>
  <FileSet Name="utils" Type="Utils" RelSrcDir="$PSRCDIR/utils_1">
    <Filter Type="Utils"/>
    <File Path="$PSRCDIR/utils_1/imports/synth_1/lab7_top.dcp">
      <FileInfo>
        <Attr Name="ImportPath" Val="$PPRDIR/../../../../../../../../Desktop/525.642_VHDL/Module1112/project_3/project_3.srcs/utils_1/imports/synth_1/lab7_top.dcp"/>
        <Attr Name="ImportTime" Val="1681689188"/>
        <Attr Name="UsedIn" Val="synthesis"/>
        <Attr Name="UsedIn" Val="implementation"/>
        <Attr Name="UsedInSteps" Val="synth_1"/>
        <Attr Name="AutoDcp" Val="1"/>
      </FileInfo>
    </File>
    <Config>
      <Option Name="TopAutoSet" Val="TRUE"/>
    </Config>
  </FileSet>
  <Strategy Version="1" Minor="2">
    <StratHandle Name="Vivado Synthesis Defaults" Flow="Vivado Synthesis 2022"/>
    <Step Id="synth_design"/>
  </Strategy>
  <BlockFileSet Type="BlockSrcs" Name="dds_compiler_0"/>
</GenRun>
