<?xml version="1.0" encoding="UTF-8"?>
<GenRun Id="synth_1" LaunchPart="xc7a100tcsg324-1" LaunchTime="1706846813" LaunchIncrCheckpoint="$PSRCDIR/utils_1/imports/synth_1/top_level.dcp">
  <File Type="RDS-RDS" Name="top_level.vds"/>
  <File Type="REPORTS-TCL" Name="top_level_reports.tcl"/>
  <File Type="PA-TCL" Name="top_level.tcl"/>
  <File Type="RDS-DCP" Name="top_level.dcp"/>
  <File Type="RDS-UTIL" Name="top_level_utilization_synth.rpt"/>
  <File Type="RDS-UTIL-PB" Name="top_level_utilization_synth.pb"/>
  <FileSet Name="sources" Type="DesignSrcs" RelSrcDir="$PSRCDIR/sources_1" RelGenDir="$PGENDIR/sources_1">
    <Filter Type="Srcs"/>
    <File Path="$PSRCDIR/sources_1/new/top_level.v">
      <FileInfo>
        <Attr Name="ImportPath" Val="$PPRDIR/../../../../Desktop/525-612_CompArch/Module02/Assignment02_01/Assignment02_01.srcs/sources_1/new/top_level.v"/>
        <Attr Name="ImportTime" Val="1706839551"/>
        <Attr Name="UsedIn" Val="synthesis"/>
        <Attr Name="UsedIn" Val="implementation"/>
        <Attr Name="UsedIn" Val="simulation"/>
      </FileInfo>
    </File>
    <Config>
      <Option Name="DesignMode" Val="RTL"/>
      <Option Name="TopModule" Val="top_level"/>
      <Option Name="TopAutoSet" Val="TRUE"/>
    </Config>
  </FileSet>
  <FileSet Name="constrs_in" Type="Constrs" RelSrcDir="$PSRCDIR/constrs_1" RelGenDir="$PGENDIR/constrs_1">
    <Filter Type="Constrs"/>
    <File Path="$PSRCDIR/constrs_1/imports/525-612_CompArch/Nexys-4-DDR-Master.xdc">
      <FileInfo>
        <Attr Name="ImportPath" Val="$PPRDIR/../../../../Desktop/525-612_CompArch/Nexys-4-DDR-Master.xdc"/>
        <Attr Name="ImportTime" Val="1706757206"/>
        <Attr Name="UsedIn" Val="synthesis"/>
        <Attr Name="UsedIn" Val="implementation"/>
      </FileInfo>
    </File>
    <Config>
      <Option Name="ConstrsType" Val="XDC"/>
    </Config>
  </FileSet>
  <FileSet Name="utils" Type="Utils" RelSrcDir="$PSRCDIR/utils_1" RelGenDir="$PGENDIR/utils_1">
    <Filter Type="Utils"/>
    <File Path="$PSRCDIR/utils_1/imports/synth_1/top_level.dcp">
      <FileInfo>
        <Attr Name="ImportPath" Val="$PPRDIR/../../../../Desktop/525-612_CompArch/Module02/Assignment02_01/Assignment02_01.srcs/utils_1/imports/synth_1/top_level.dcp"/>
        <Attr Name="ImportTime" Val="1706846811"/>
        <Attr Name="UsedIn" Val="synthesis"/>
        <Attr Name="UsedIn" Val="implementation"/>
        <Attr Name="UsedInSteps" Val="synth_1"/>
        <Attr Name="AutoDcp" Val="1"/>
      </FileInfo>
    </File>
    <Config>
      <Option Name="TopAutoSet" Val="TRUE"/>
    </Config>
  </FileSet>
  <Strategy Version="1" Minor="2">
    <StratHandle Name="Vivado Synthesis Defaults" Flow="Vivado Synthesis 2023"/>
    <Step Id="synth_design"/>
  </Strategy>
</GenRun>
