<?xml version="1.0" encoding="UTF-8"?>
<GenRun Id="dds_compiler_0_synth_1" LaunchPart="xc7a100tcsg324-1" LaunchTime="1681688848">
  <File Type="PA-TCL" Name="dds_compiler_0.tcl"/>
  <File Type="REPORTS-TCL" Name="dds_compiler_0_reports.tcl"/>
  <File Type="RDS-RDS" Name="dds_compiler_0.vds"/>
  <File Type="RDS-UTIL" Name="dds_compiler_0_utilization_synth.rpt"/>
  <File Type="RDS-UTIL-PB" Name="dds_compiler_0_utilization_synth.pb"/>
  <File Type="RDS-DCP" Name="dds_compiler_0.dcp"/>
  <FileSet Name="sources" Type="BlockSrcs" RelSrcDir="$PSRCDIR/dds_compiler_0">
    <File Path="$PSRCDIR/sources_1/ip/dds_compiler_0/dds_compiler_0.xci">
      <FileInfo>
        <Attr Name="ImportPath" Val="$PPRDIR/../../../../../../../../Desktop/525.642_VHDL/Module1112/project_3/project_3.srcs/sources_1/ip/dds_compiler_0/dds_compiler_0.xci"/>
        <Attr Name="ImportTime" Val="1681688843"/>
        <Attr Name="UsedIn" Val="synthesis"/>
        <Attr Name="UsedIn" Val="implementation"/>
        <Attr Name="UsedIn" Val="simulation"/>
      </FileInfo>
    </File>
    <Config>
      <Option Name="TopModule" Val="dds_compiler_0"/>
      <Option Name="UseBlackboxStub" Val="1"/>
    </Config>
  </FileSet>
  <FileSet Name="constrs_in" Type="BlockSrcs" RelSrcDir="$PSRCDIR/dds_compiler_0">
    <File Path="$PSRCDIR/sources_1/ip/dds_compiler_0/dds_compiler_0.xci">
      <FileInfo>
        <Attr Name="ImportPath" Val="$PPRDIR/../../../../../../../../Desktop/525.642_VHDL/Module1112/project_3/project_3.srcs/sources_1/ip/dds_compiler_0/dds_compiler_0.xci"/>
        <Attr Name="ImportTime" Val="1681688843"/>
        <Attr Name="UsedIn" Val="synthesis"/>
        <Attr Name="UsedIn" Val="implementation"/>
        <Attr Name="UsedIn" Val="simulation"/>
      </FileInfo>
    </File>
    <Config>
      <Option Name="TopModule" Val="dds_compiler_0"/>
      <Option Name="UseBlackboxStub" Val="1"/>
    </Config>
  </FileSet>
  <FileSet Name="utils" Type="Utils" RelSrcDir="$PSRCDIR/utils_1">
    <Filter Type="Utils"/>
    <Config>
      <Option Name="TopAutoSet" Val="TRUE"/>
    </Config>
  </FileSet>
  <Strategy Version="1" Minor="2">
    <StratHandle Name="Vivado Synthesis Defaults" Flow="Vivado Synthesis 2022"/>
    <Step Id="synth_design"/>
  </Strategy>
</GenRun>
