<?xml version="1.0" encoding="UTF-8"?>
<GenRun Id="impl_1" LaunchPart="xc7a100tcsg324-1" LaunchTime="1677907121">
  <File Type="ROUTE-PWR" Name="vgaDriver_power_routed.rpt"/>
  <File Type="PA-TCL" Name="vgaDriver.tcl"/>
  <File Type="ROUTE-PWR-SUM" Name="vgaDriver_power_summary_routed.pb"/>
  <File Type="REPORTS-TCL" Name="vgaDriver_reports.tcl"/>
  <File Type="BITSTR-MSK" Name="vgaDriver.msk"/>
  <File Type="ROUTE-CLK" Name="vgaDriver_clock_utilization_routed.rpt"/>
  <File Type="RDI-RDI" Name="vgaDriver.vdi"/>
  <File Type="BG-BIT" Name="vgaDriver.bit"/>
  <File Type="BG-DRC" Name="vgaDriver.drc"/>
  <File Type="BG-BGN" Name="vgaDriver.bgn"/>
  <File Type="BG-BIN" Name="vgaDriver.bin"/>
  <File Type="BITSTR-RBT" Name="vgaDriver.rbt"/>
  <File Type="BITSTR-NKY" Name="vgaDriver.nky"/>
  <File Type="BITSTR-BMM" Name="vgaDriver_bd.bmm"/>
  <File Type="BITSTR-MMI" Name="vgaDriver.mmi"/>
  <File Type="ROUTE-METHODOLOGY-DRC" Name="vgaDriver_methodology_drc_routed.rpt"/>
  <File Type="BITSTR-SYSDEF" Name="vgaDriver.sysdef"/>
  <File Type="BITSTR-LTX" Name="debug_nets.ltx"/>
  <File Type="BITSTR-LTX" Name="vgaDriver.ltx"/>
  <File Type="WBT-USG" Name="usage_statistics_webtalk.html"/>
  <File Type="OPT-DRC" Name="vgaDriver_drc_opted.rpt"/>
  <File Type="OPT-HWDEF" Name="vgaDriver.hwdef"/>
  <File Type="PLACE-IO" Name="vgaDriver_io_placed.rpt"/>
  <File Type="PLACE-UTIL" Name="vgaDriver_utilization_placed.rpt"/>
  <File Type="PLACE-UTIL-PB" Name="vgaDriver_utilization_placed.pb"/>
  <File Type="PLACE-CTRL" Name="vgaDriver_control_sets_placed.rpt"/>
  <File Type="PLACE-PRE-SIMILARITY" Name="vgaDriver_incremental_reuse_pre_placed.rpt"/>
  <File Type="ROUTE-DRC" Name="vgaDriver_drc_routed.rpt"/>
  <File Type="ROUTE-DRC-PB" Name="vgaDriver_drc_routed.pb"/>
  <File Type="ROUTE-PWR-RPX" Name="vgaDriver_power_routed.rpx"/>
  <File Type="ROUTE-STATUS" Name="vgaDriver_route_status.rpt"/>
  <File Type="ROUTE-STATUS-PB" Name="vgaDriver_route_status.pb"/>
  <File Type="ROUTE-DCP" Name="vgaDriver_routed.dcp"/>
  <File Type="ROUTE-ERROR-DCP" Name="vgaDriver_routed_error.dcp"/>
  <File Type="ROUTE-BLACKBOX-DCP" Name="vgaDriver_routed_bb.dcp"/>
  <File Type="ROUTE-TIMINGSUMMARY" Name="vgaDriver_timing_summary_routed.rpt"/>
  <File Type="ROUTE-TIMING-PB" Name="vgaDriver_timing_summary_routed.pb"/>
  <File Type="ROUTE-TIMING-RPX" Name="vgaDriver_timing_summary_routed.rpx"/>
  <File Type="ROUTE-BUS-SKEW" Name="vgaDriver_bus_skew_routed.rpt"/>
  <File Type="ROUTE-BUS-SKEW-PB" Name="vgaDriver_bus_skew_routed.pb"/>
  <File Type="ROUTE-BUS-SKEW-RPX" Name="vgaDriver_bus_skew_routed.rpx"/>
  <File Type="OPT-DCP" Name="vgaDriver_opt.dcp"/>
  <File Type="PLACE-DCP" Name="vgaDriver_placed.dcp"/>
  <File Type="PWROPT-DCP" Name="vgaDriver_pwropt.dcp"/>
  <File Type="POSTPLACE-PWROPT-DCP" Name="vgaDriver_postplace_pwropt.dcp"/>
  <File Type="PHYSOPT-DCP" Name="vgaDriver_physopt.dcp"/>
  <File Type="POSTROUTE-PHYSOPT-DCP" Name="vgaDriver_postroute_physopt.dcp"/>
  <File Type="POSTROUTE-PHYSOPT-BLACKBOX-DCP" Name="vgaDriver_postroute_physopt_bb.dcp"/>
  <File Type="ROUTE-METHODOLOGY-DRC-PB" Name="vgaDriver_methodology_drc_routed.pb"/>
  <File Type="ROUTE-DRC-RPX" Name="vgaDriver_drc_routed.rpx"/>
  <File Type="ROUTE-METHODOLOGY-DRC-RPX" Name="vgaDriver_methodology_drc_routed.rpx"/>
  <File Type="PDI-FILE" Name="vgaDriver.pdi"/>
  <File Type="RCFI_FILE" Name="vgaDriver.rcfi"/>
  <File Type="CFI_FILE" Name="vgaDriver.cfi"/>
  <File Type="RNPI_FILE" Name="vgaDriver.rnpi"/>
  <File Type="NPI_FILE" Name="vgaDriver.npi"/>
  <File Type="RBD_FILE" Name="vgaDriver.rbd"/>
  <File Type="ROUTE-RQS" Name="vgaDriver_routed.rqs"/>
  <File Type="POSTROUTE-PHYSOPT-RQS" Name="vgaDriver_postroute_physopted.rqs"/>
  <File Type="ROUTE-RQS-RPT" Name="route_report_qor_suggestions_0.rpt"/>
  <File Type="POSTROUTE-PHYSOPT-RQS-RPT" Name="postroute_physopt_report_qor_suggestions_0.rpt"/>
  <FileSet Name="sources" Type="DesignSrcs" RelSrcDir="$PSRCDIR/sources_1" RelGenDir="$PGENDIR/sources_1">
    <Filter Type="Srcs"/>
    <File Path="$PSRCDIR/sources_1/new/buttonDebouncer.vhd">
      <FileInfo>
        <Attr Name="ImportPath" Val="$PPRDIR/../../../../project_1.srcs/sources_1/new/buttonDebouncer.vhd"/>
        <Attr Name="ImportTime" Val="1677807076"/>
        <Attr Name="UsedIn" Val="synthesis"/>
        <Attr Name="UsedIn" Val="simulation"/>
      </FileInfo>
    </File>
    <File Path="$PSRCDIR/sources_1/new/pulse25MHz.vhd">
      <FileInfo>
        <Attr Name="ImportPath" Val="$PPRDIR/../../../../project_1.srcs/sources_1/new/pulse25MHz.vhd"/>
        <Attr Name="ImportTime" Val="1677721671"/>
        <Attr Name="UsedIn" Val="synthesis"/>
        <Attr Name="UsedIn" Val="simulation"/>
      </FileInfo>
    </File>
    <File Path="$PSRCDIR/sources_1/new/vgaDriver.vhd">
      <FileInfo>
        <Attr Name="ImportPath" Val="$PPRDIR/../../../../project_1.srcs/sources_1/new/vgaDriver.vhd"/>
        <Attr Name="ImportTime" Val="1677907000"/>
        <Attr Name="UsedIn" Val="synthesis"/>
        <Attr Name="UsedIn" Val="simulation"/>
      </FileInfo>
    </File>
    <Config>
      <Option Name="DesignMode" Val="RTL"/>
      <Option Name="TopModule" Val="vgaDriver"/>
      <Option Name="TopAutoSet" Val="TRUE"/>
    </Config>
  </FileSet>
  <FileSet Name="constrs_in" Type="Constrs" RelSrcDir="$PSRCDIR/constrs_1">
    <Filter Type="Constrs"/>
    <File Path="$PSRCDIR/constrs_1/imports/Lab04/Nexys-4-DDR-Master.xdc">
      <FileInfo>
        <Attr Name="ImportPath" Val="$PPRDIR/../../../../../Nexys-4-DDR-Master.xdc"/>
        <Attr Name="ImportTime" Val="1677728219"/>
        <Attr Name="UsedIn" Val="synthesis"/>
        <Attr Name="UsedIn" Val="implementation"/>
      </FileInfo>
    </File>
    <Config>
      <Option Name="ConstrsType" Val="XDC"/>
    </Config>
  </FileSet>
  <FileSet Name="utils" Type="Utils" RelSrcDir="$PSRCDIR/utils_1">
    <Filter Type="Utils"/>
    <File Path="$PSRCDIR/utils_1/imports/synth_1/vgaDriver.dcp">
      <FileInfo>
        <Attr Name="ImportPath" Val="$PPRDIR/../../../../project_1.srcs/utils_1/imports/synth_1/vgaDriver.dcp"/>
        <Attr Name="ImportTime" Val="1677907034"/>
        <Attr Name="UsedIn" Val="synthesis"/>
        <Attr Name="UsedIn" Val="implementation"/>
        <Attr Name="UsedInSteps" Val="synth_1"/>
        <Attr Name="AutoDcp" Val="1"/>
      </FileInfo>
    </File>
    <Config>
      <Option Name="TopAutoSet" Val="TRUE"/>
    </Config>
  </FileSet>
  <Strategy Version="1" Minor="2">
    <StratHandle Name="Vivado Implementation Defaults" Flow="Vivado Implementation 2022"/>
    <Step Id="init_design"/>
    <Step Id="opt_design"/>
    <Step Id="power_opt_design"/>
    <Step Id="place_design"/>
    <Step Id="post_place_power_opt_design"/>
    <Step Id="phys_opt_design"/>
    <Step Id="route_design"/>
    <Step Id="post_route_phys_opt_design"/>
    <Step Id="write_bitstream"/>
    <Step Id="write_device_image"/>
  </Strategy>
</GenRun>
