<?xml version="1.0" encoding="UTF-8"?>
<GenRun Id="impl_1" LaunchPart="xc7a100tcsg324-1" LaunchTime="1677986613">
  <File Type="ROUTE-PWR" Name="lab4_top_power_routed.rpt"/>
  <File Type="PA-TCL" Name="lab4_top.tcl"/>
  <File Type="ROUTE-PWR-SUM" Name="lab4_top_power_summary_routed.pb"/>
  <File Type="REPORTS-TCL" Name="lab4_top_reports.tcl"/>
  <File Type="BITSTR-MSK" Name="lab4_top.msk"/>
  <File Type="ROUTE-CLK" Name="lab4_top_clock_utilization_routed.rpt"/>
  <File Type="RDI-RDI" Name="lab4_top.vdi"/>
  <File Type="BG-BIT" Name="lab4_top.bit"/>
  <File Type="BG-DRC" Name="lab4_top.drc"/>
  <File Type="BG-BGN" Name="lab4_top.bgn"/>
  <File Type="BG-BIN" Name="lab4_top.bin"/>
  <File Type="BITSTR-RBT" Name="lab4_top.rbt"/>
  <File Type="BITSTR-NKY" Name="lab4_top.nky"/>
  <File Type="BITSTR-BMM" Name="lab4_top_bd.bmm"/>
  <File Type="BITSTR-MMI" Name="lab4_top.mmi"/>
  <File Type="ROUTE-METHODOLOGY-DRC" Name="lab4_top_methodology_drc_routed.rpt"/>
  <File Type="BITSTR-SYSDEF" Name="lab4_top.sysdef"/>
  <File Type="BITSTR-LTX" Name="debug_nets.ltx"/>
  <File Type="BITSTR-LTX" Name="lab4_top.ltx"/>
  <File Type="WBT-USG" Name="usage_statistics_webtalk.html"/>
  <File Type="OPT-DRC" Name="lab4_top_drc_opted.rpt"/>
  <File Type="OPT-HWDEF" Name="lab4_top.hwdef"/>
  <File Type="PLACE-IO" Name="lab4_top_io_placed.rpt"/>
  <File Type="PLACE-UTIL" Name="lab4_top_utilization_placed.rpt"/>
  <File Type="PLACE-UTIL-PB" Name="lab4_top_utilization_placed.pb"/>
  <File Type="PLACE-CTRL" Name="lab4_top_control_sets_placed.rpt"/>
  <File Type="PLACE-PRE-SIMILARITY" Name="lab4_top_incremental_reuse_pre_placed.rpt"/>
  <File Type="ROUTE-DRC" Name="lab4_top_drc_routed.rpt"/>
  <File Type="ROUTE-DRC-PB" Name="lab4_top_drc_routed.pb"/>
  <File Type="ROUTE-PWR-RPX" Name="lab4_top_power_routed.rpx"/>
  <File Type="ROUTE-STATUS" Name="lab4_top_route_status.rpt"/>
  <File Type="ROUTE-STATUS-PB" Name="lab4_top_route_status.pb"/>
  <File Type="ROUTE-DCP" Name="lab4_top_routed.dcp"/>
  <File Type="ROUTE-ERROR-DCP" Name="lab4_top_routed_error.dcp"/>
  <File Type="ROUTE-BLACKBOX-DCP" Name="lab4_top_routed_bb.dcp"/>
  <File Type="ROUTE-TIMINGSUMMARY" Name="lab4_top_timing_summary_routed.rpt"/>
  <File Type="ROUTE-TIMING-PB" Name="lab4_top_timing_summary_routed.pb"/>
  <File Type="ROUTE-TIMING-RPX" Name="lab4_top_timing_summary_routed.rpx"/>
  <File Type="ROUTE-BUS-SKEW" Name="lab4_top_bus_skew_routed.rpt"/>
  <File Type="ROUTE-BUS-SKEW-PB" Name="lab4_top_bus_skew_routed.pb"/>
  <File Type="ROUTE-BUS-SKEW-RPX" Name="lab4_top_bus_skew_routed.rpx"/>
  <File Type="OPT-DCP" Name="lab4_top_opt.dcp"/>
  <File Type="PLACE-DCP" Name="lab4_top_placed.dcp"/>
  <File Type="PWROPT-DCP" Name="lab4_top_pwropt.dcp"/>
  <File Type="POSTPLACE-PWROPT-DCP" Name="lab4_top_postplace_pwropt.dcp"/>
  <File Type="PHYSOPT-DCP" Name="lab4_top_physopt.dcp"/>
  <File Type="POSTROUTE-PHYSOPT-DCP" Name="lab4_top_postroute_physopt.dcp"/>
  <File Type="POSTROUTE-PHYSOPT-BLACKBOX-DCP" Name="lab4_top_postroute_physopt_bb.dcp"/>
  <File Type="ROUTE-METHODOLOGY-DRC-PB" Name="lab4_top_methodology_drc_routed.pb"/>
  <File Type="ROUTE-DRC-RPX" Name="lab4_top_drc_routed.rpx"/>
  <File Type="ROUTE-METHODOLOGY-DRC-RPX" Name="lab4_top_methodology_drc_routed.rpx"/>
  <File Type="PDI-FILE" Name="lab4_top.pdi"/>
  <File Type="RCFI_FILE" Name="lab4_top.rcfi"/>
  <File Type="CFI_FILE" Name="lab4_top.cfi"/>
  <File Type="RNPI_FILE" Name="lab4_top.rnpi"/>
  <File Type="NPI_FILE" Name="lab4_top.npi"/>
  <File Type="RBD_FILE" Name="lab4_top.rbd"/>
  <File Type="ROUTE-RQS" Name="lab4_top_routed.rqs"/>
  <File Type="POSTROUTE-PHYSOPT-RQS" Name="lab4_top_postroute_physopted.rqs"/>
  <File Type="ROUTE-RQS-RPT" Name="route_report_qor_suggestions_0.rpt"/>
  <File Type="POSTROUTE-PHYSOPT-RQS-RPT" Name="postroute_physopt_report_qor_suggestions_0.rpt"/>
  <FileSet Name="sources" Type="DesignSrcs" RelSrcDir="$PSRCDIR/sources_1" RelGenDir="$PGENDIR/sources_1">
    <Filter Type="Srcs"/>
    <File Path="$PSRCDIR/sources_1/new/buttonDebouncer.vhd">
      <FileInfo>
        <Attr Name="ImportPath" Val="$PPRDIR/../../../../../../../../Desktop/525.642_VHDL/Module0456/Lab04/project_4/project_1.srcs/sources_1/new/buttonDebouncer.vhd"/>
        <Attr Name="ImportTime" Val="1677807076"/>
        <Attr Name="UsedIn" Val="synthesis"/>
        <Attr Name="UsedIn" Val="simulation"/>
      </FileInfo>
    </File>
    <File Path="$PSRCDIR/sources_1/new/kHzPulseGenerator.vhd">
      <FileInfo>
        <Attr Name="ImportPath" Val="$PPRDIR/../../../../../../../../Desktop/525.642_VHDL/Module0456/Lab04/project_4/project_1.srcs/sources_1/new/kHzPulseGenerator.vhd"/>
        <Attr Name="ImportTime" Val="1677985299"/>
        <Attr Name="UsedIn" Val="synthesis"/>
        <Attr Name="UsedIn" Val="simulation"/>
      </FileInfo>
    </File>
    <File Path="$PSRCDIR/sources_1/new/pulse25MHz.vhd">
      <FileInfo>
        <Attr Name="ImportPath" Val="$PPRDIR/../../../../../../../../Desktop/525.642_VHDL/Module0456/Lab04/project_4/project_1.srcs/sources_1/new/pulse25MHz.vhd"/>
        <Attr Name="ImportTime" Val="1677721671"/>
        <Attr Name="UsedIn" Val="synthesis"/>
        <Attr Name="UsedIn" Val="simulation"/>
      </FileInfo>
    </File>
    <File Path="$PSRCDIR/sources_1/new/vgaDriver.vhd">
      <FileInfo>
        <Attr Name="ImportPath" Val="$PPRDIR/../../../../../../../../Desktop/525.642_VHDL/Module0456/Lab04/project_4/project_1.srcs/sources_1/new/vgaDriver.vhd"/>
        <Attr Name="ImportTime" Val="1677985038"/>
        <Attr Name="UsedIn" Val="synthesis"/>
        <Attr Name="UsedIn" Val="simulation"/>
      </FileInfo>
    </File>
    <File Path="$PSRCDIR/sources_1/new/seg7_hex.vhd">
      <FileInfo>
        <Attr Name="ImportPath" Val="$PPRDIR/../../../../../../../../Desktop/525.642_VHDL/Module0456/Lab04/project_4/project_1.srcs/sources_1/new/seg7_hex.vhd"/>
        <Attr Name="ImportTime" Val="1677982166"/>
        <Attr Name="UsedIn" Val="synthesis"/>
        <Attr Name="UsedIn" Val="simulation"/>
      </FileInfo>
    </File>
    <File Path="$PSRCDIR/sources_1/new/seg7_controller.vhd">
      <FileInfo>
        <Attr Name="ImportPath" Val="$PPRDIR/../../../../../../../../Desktop/525.642_VHDL/Module0456/Lab04/project_4/project_1.srcs/sources_1/new/seg7_controller.vhd"/>
        <Attr Name="ImportTime" Val="1677985200"/>
        <Attr Name="UsedIn" Val="synthesis"/>
        <Attr Name="UsedIn" Val="simulation"/>
      </FileInfo>
    </File>
    <File Path="$PSRCDIR/sources_1/new/sevenSegmentDisplayDriver.vhd">
      <FileInfo>
        <Attr Name="ImportPath" Val="$PPRDIR/../../../../../../../../Desktop/525.642_VHDL/Module0456/Lab04/project_4/project_1.srcs/sources_1/new/sevenSegmentDisplayDriver.vhd"/>
        <Attr Name="ImportTime" Val="1677985363"/>
        <Attr Name="UsedIn" Val="synthesis"/>
        <Attr Name="UsedIn" Val="simulation"/>
      </FileInfo>
    </File>
    <File Path="$PSRCDIR/sources_1/new/lab4_top.vhd">
      <FileInfo>
        <Attr Name="ImportPath" Val="$PPRDIR/../../../../../../../../Desktop/525.642_VHDL/Module0456/Lab04/project_4/project_1.srcs/sources_1/new/lab4_top.vhd"/>
        <Attr Name="ImportTime" Val="1677984484"/>
        <Attr Name="UsedIn" Val="synthesis"/>
        <Attr Name="UsedIn" Val="simulation"/>
      </FileInfo>
    </File>
    <Config>
      <Option Name="DesignMode" Val="RTL"/>
      <Option Name="TopModule" Val="lab4_top"/>
      <Option Name="TopAutoSet" Val="TRUE"/>
    </Config>
  </FileSet>
  <FileSet Name="constrs_in" Type="Constrs" RelSrcDir="$PSRCDIR/constrs_1">
    <Filter Type="Constrs"/>
    <File Path="$PSRCDIR/constrs_1/imports/project_1.srcs/Nexys-4-DDR-Master.xdc">
      <FileInfo>
        <Attr Name="ImportPath" Val="$PPRDIR/../../../../../../../../Desktop/525.642_VHDL/Module0456/Lab04/project_4/project_1.srcs/Nexys-4-DDR-Master.xdc"/>
        <Attr Name="ImportTime" Val="1677983575"/>
        <Attr Name="UsedIn" Val="synthesis"/>
        <Attr Name="UsedIn" Val="implementation"/>
      </FileInfo>
    </File>
    <Config>
      <Option Name="ConstrsType" Val="XDC"/>
    </Config>
  </FileSet>
  <FileSet Name="utils" Type="Utils" RelSrcDir="$PSRCDIR/utils_1">
    <Filter Type="Utils"/>
    <File Path="$PSRCDIR/utils_1/imports/synth_1/vgaDriver.dcp">
      <FileInfo>
        <Attr Name="ImportPath" Val="$PPRDIR/../../../../../../../../Desktop/525.642_VHDL/Module0456/Lab04/project_4/project_1.srcs/utils_1/imports/synth_1/vgaDriver.dcp"/>
        <Attr Name="ImportTime" Val="1677986602"/>
        <Attr Name="UsedIn" Val="synthesis"/>
        <Attr Name="UsedIn" Val="implementation"/>
        <Attr Name="UsedInSteps" Val="synth_1"/>
        <Attr Name="AutoDcp" Val="1"/>
      </FileInfo>
    </File>
    <Config>
      <Option Name="TopAutoSet" Val="TRUE"/>
    </Config>
  </FileSet>
  <Strategy Version="1" Minor="2">
    <StratHandle Name="Vivado Implementation Defaults" Flow="Vivado Implementation 2022"/>
    <Step Id="init_design"/>
    <Step Id="opt_design"/>
    <Step Id="power_opt_design"/>
    <Step Id="place_design"/>
    <Step Id="post_place_power_opt_design"/>
    <Step Id="phys_opt_design"/>
    <Step Id="route_design"/>
    <Step Id="post_route_phys_opt_design"/>
    <Step Id="write_bitstream"/>
    <Step Id="write_device_image"/>
  </Strategy>
</GenRun>
