{
  "config": {
    "items": [
      {
        "infra": {
          "name": "zybo-z7-20", 
          "display": "Zybo Z7-20", 
          "revision": "1.0", 
          "description": "Zybo Z7-20", 
          "company": "digilentinc.com", 
          "company_display": "Digilent Inc", 
          "author": "ArtVVB", 
          "contributors": [
            {
              "group": "Digilent Inc", 
              "url": "digilentinc.com"
            }
          ], 
          "category": "Single Part", 
          "website": "http://www.digilentinc.com", 
          "search-keywords": [
            "zybo-z7-20", 
            "digilentinc.com", 
            "board", 
            "Single Part"
          ]
        }
      }
    ]
  }, 
  "_major": 1, 
  "_minor": 0
}