<?xml version="1.0" encoding="UTF-8"?>
<GenRun Id="impl_1" LaunchPart="xc7a100tcsg324-1" LaunchTime="1681689190">
  <File Type="ROUTE-PWR" Name="lab7_top_power_routed.rpt"/>
  <File Type="PA-TCL" Name="lab7_top.tcl"/>
  <File Type="ROUTE-PWR-SUM" Name="lab7_top_power_summary_routed.pb"/>
  <File Type="REPORTS-TCL" Name="lab7_top_reports.tcl"/>
  <File Type="BITSTR-MSK" Name="lab7_top.msk"/>
  <File Type="ROUTE-CLK" Name="lab7_top_clock_utilization_routed.rpt"/>
  <File Type="RDI-RDI" Name="lab7_top.vdi"/>
  <File Type="BG-BIT" Name="lab7_top.bit"/>
  <File Type="BG-DRC" Name="lab7_top.drc"/>
  <File Type="BG-BGN" Name="lab7_top.bgn"/>
  <File Type="BG-BIN" Name="lab7_top.bin"/>
  <File Type="BITSTR-RBT" Name="lab7_top.rbt"/>
  <File Type="BITSTR-NKY" Name="lab7_top.nky"/>
  <File Type="BITSTR-BMM" Name="lab7_top_bd.bmm"/>
  <File Type="BITSTR-MMI" Name="lab7_top.mmi"/>
  <File Type="ROUTE-METHODOLOGY-DRC" Name="lab7_top_methodology_drc_routed.rpt"/>
  <File Type="BITSTR-SYSDEF" Name="lab7_top.sysdef"/>
  <File Type="BITSTR-LTX" Name="debug_nets.ltx"/>
  <File Type="BITSTR-LTX" Name="lab7_top.ltx"/>
  <File Type="WBT-USG" Name="usage_statistics_webtalk.html"/>
  <File Type="OPT-DRC" Name="lab7_top_drc_opted.rpt"/>
  <File Type="OPT-HWDEF" Name="lab7_top.hwdef"/>
  <File Type="PLACE-IO" Name="lab7_top_io_placed.rpt"/>
  <File Type="PLACE-UTIL" Name="lab7_top_utilization_placed.rpt"/>
  <File Type="PLACE-UTIL-PB" Name="lab7_top_utilization_placed.pb"/>
  <File Type="PLACE-CTRL" Name="lab7_top_control_sets_placed.rpt"/>
  <File Type="PLACE-PRE-SIMILARITY" Name="lab7_top_incremental_reuse_pre_placed.rpt"/>
  <File Type="ROUTE-DRC" Name="lab7_top_drc_routed.rpt"/>
  <File Type="ROUTE-DRC-PB" Name="lab7_top_drc_routed.pb"/>
  <File Type="ROUTE-PWR-RPX" Name="lab7_top_power_routed.rpx"/>
  <File Type="ROUTE-STATUS" Name="lab7_top_route_status.rpt"/>
  <File Type="ROUTE-STATUS-PB" Name="lab7_top_route_status.pb"/>
  <File Type="ROUTE-DCP" Name="lab7_top_routed.dcp"/>
  <File Type="ROUTE-ERROR-DCP" Name="lab7_top_routed_error.dcp"/>
  <File Type="ROUTE-BLACKBOX-DCP" Name="lab7_top_routed_bb.dcp"/>
  <File Type="ROUTE-TIMINGSUMMARY" Name="lab7_top_timing_summary_routed.rpt"/>
  <File Type="ROUTE-TIMING-PB" Name="lab7_top_timing_summary_routed.pb"/>
  <File Type="ROUTE-TIMING-RPX" Name="lab7_top_timing_summary_routed.rpx"/>
  <File Type="ROUTE-BUS-SKEW" Name="lab7_top_bus_skew_routed.rpt"/>
  <File Type="ROUTE-BUS-SKEW-PB" Name="lab7_top_bus_skew_routed.pb"/>
  <File Type="ROUTE-BUS-SKEW-RPX" Name="lab7_top_bus_skew_routed.rpx"/>
  <File Type="OPT-DCP" Name="lab7_top_opt.dcp"/>
  <File Type="PLACE-DCP" Name="lab7_top_placed.dcp"/>
  <File Type="PWROPT-DCP" Name="lab7_top_pwropt.dcp"/>
  <File Type="POSTPLACE-PWROPT-DCP" Name="lab7_top_postplace_pwropt.dcp"/>
  <File Type="PHYSOPT-DCP" Name="lab7_top_physopt.dcp"/>
  <File Type="POSTROUTE-PHYSOPT-DCP" Name="lab7_top_postroute_physopt.dcp"/>
  <File Type="POSTROUTE-PHYSOPT-BLACKBOX-DCP" Name="lab7_top_postroute_physopt_bb.dcp"/>
  <File Type="ROUTE-METHODOLOGY-DRC-PB" Name="lab7_top_methodology_drc_routed.pb"/>
  <File Type="ROUTE-DRC-RPX" Name="lab7_top_drc_routed.rpx"/>
  <File Type="ROUTE-METHODOLOGY-DRC-RPX" Name="lab7_top_methodology_drc_routed.rpx"/>
  <File Type="PDI-FILE" Name="lab7_top.pdi"/>
  <File Type="RCFI_FILE" Name="lab7_top.rcfi"/>
  <File Type="CFI_FILE" Name="lab7_top.cfi"/>
  <File Type="RNPI_FILE" Name="lab7_top.rnpi"/>
  <File Type="NPI_FILE" Name="lab7_top.npi"/>
  <File Type="RBD_FILE" Name="lab7_top.rbd"/>
  <File Type="ROUTE-RQS" Name="lab7_top_routed.rqs"/>
  <File Type="POSTROUTE-PHYSOPT-RQS" Name="lab7_top_postroute_physopted.rqs"/>
  <File Type="ROUTE-RQS-RPT" Name="route_report_qor_suggestions_0.rpt"/>
  <File Type="POSTROUTE-PHYSOPT-RQS-RPT" Name="postroute_physopt_report_qor_suggestions_0.rpt"/>
  <FileSet Name="sources" Type="DesignSrcs" RelSrcDir="$PSRCDIR/sources_1" RelGenDir="$PGENDIR/sources_1">
    <Filter Type="Srcs"/>
    <File Path="$PSRCDIR/sources_1/new/flipMsbTdata.vhd">
      <FileInfo>
        <Attr Name="ImportPath" Val="$PPRDIR/../../../../../../../../Desktop/525.642_VHDL/Module1112/project_3/project_3.srcs/sources_1/new/flipMsbTdata.vhd"/>
        <Attr Name="ImportTime" Val="1681677706"/>
        <Attr Name="UsedIn" Val="synthesis"/>
        <Attr Name="UsedIn" Val="simulation"/>
      </FileInfo>
    </File>
    <File Path="$PSRCDIR/sources_1/new/sampleRateGenerator.vhd">
      <FileInfo>
        <Attr Name="ImportPath" Val="$PPRDIR/../../../../../../../../Desktop/525.642_VHDL/Module1112/project_3/project_3.srcs/sources_1/new/sampleRateGenerator.vhd"/>
        <Attr Name="ImportTime" Val="1681687213"/>
        <Attr Name="UsedIn" Val="synthesis"/>
        <Attr Name="UsedIn" Val="simulation"/>
      </FileInfo>
    </File>
    <File Path="$PSRCDIR/sources_1/new/phaseAccumulator.vhd">
      <FileInfo>
        <Attr Name="ImportPath" Val="$PPRDIR/../../../../../../../../Desktop/525.642_VHDL/Module1112/project_3/project_3.srcs/sources_1/new/phaseAccumulator.vhd"/>
        <Attr Name="ImportTime" Val="1681673662"/>
        <Attr Name="UsedIn" Val="synthesis"/>
        <Attr Name="UsedIn" Val="simulation"/>
      </FileInfo>
    </File>
    <File Path="$PSRCDIR/sources_1/new/volumeLevelShifter.vhd">
      <FileInfo>
        <Attr Name="ImportPath" Val="$PPRDIR/../../../../../../../../Desktop/525.642_VHDL/Module1112/project_3/project_3.srcs/sources_1/new/volumeLevelShifter.vhd"/>
        <Attr Name="ImportTime" Val="1681682607"/>
        <Attr Name="UsedIn" Val="synthesis"/>
        <Attr Name="UsedIn" Val="simulation"/>
      </FileInfo>
    </File>
    <File Path="$PSRCDIR/sources_1/new/pwmGenerator.vhd">
      <FileInfo>
        <Attr Name="ImportPath" Val="$PPRDIR/../../../../../../../../Desktop/525.642_VHDL/Module1112/project_3/project_3.srcs/sources_1/new/pwmGenerator.vhd"/>
        <Attr Name="ImportTime" Val="1681663795"/>
        <Attr Name="UsedIn" Val="synthesis"/>
        <Attr Name="UsedIn" Val="simulation"/>
      </FileInfo>
    </File>
    <File Path="$PSRCDIR/sources_1/new/lab7_top.vhd">
      <FileInfo>
        <Attr Name="ImportPath" Val="$PPRDIR/../../../../../../../../Desktop/525.642_VHDL/Module1112/project_3/project_3.srcs/sources_1/new/lab7_top.vhd"/>
        <Attr Name="ImportTime" Val="1681688607"/>
        <Attr Name="UsedIn" Val="synthesis"/>
        <Attr Name="UsedIn" Val="simulation"/>
      </FileInfo>
    </File>
    <Config>
      <Option Name="DesignMode" Val="RTL"/>
      <Option Name="TopModule" Val="lab7_top"/>
      <Option Name="TopAutoSet" Val="TRUE"/>
    </Config>
  </FileSet>
  <FileSet Name="constrs_in" Type="Constrs" RelSrcDir="$PSRCDIR/constrs_1">
    <Filter Type="Constrs"/>
    <File Path="$PSRCDIR/constrs_1/imports/new/Nexys-4-DDR-Master.xdc">
      <FileInfo>
        <Attr Name="ImportPath" Val="$PPRDIR/../../../../../../../../Desktop/525.642_VHDL/Module1112/project_3/project_3.srcs/sources_1/new/Nexys-4-DDR-Master.xdc"/>
        <Attr Name="ImportTime" Val="1681665300"/>
        <Attr Name="UsedIn" Val="synthesis"/>
        <Attr Name="UsedIn" Val="implementation"/>
      </FileInfo>
    </File>
    <Config>
      <Option Name="ConstrsType" Val="XDC"/>
    </Config>
  </FileSet>
  <FileSet Name="utils" Type="Utils" RelSrcDir="$PSRCDIR/utils_1">
    <Filter Type="Utils"/>
    <File Path="$PSRCDIR/utils_1/imports/synth_1/lab7_top.dcp">
      <FileInfo>
        <Attr Name="ImportPath" Val="$PPRDIR/../../../../../../../../Desktop/525.642_VHDL/Module1112/project_3/project_3.srcs/utils_1/imports/synth_1/lab7_top.dcp"/>
        <Attr Name="ImportTime" Val="1681689188"/>
        <Attr Name="UsedIn" Val="synthesis"/>
        <Attr Name="UsedIn" Val="implementation"/>
        <Attr Name="UsedInSteps" Val="synth_1"/>
        <Attr Name="AutoDcp" Val="1"/>
      </FileInfo>
    </File>
    <Config>
      <Option Name="TopAutoSet" Val="TRUE"/>
    </Config>
  </FileSet>
  <Strategy Version="1" Minor="2">
    <StratHandle Name="Vivado Implementation Defaults" Flow="Vivado Implementation 2022"/>
    <Step Id="init_design"/>
    <Step Id="opt_design"/>
    <Step Id="power_opt_design"/>
    <Step Id="place_design"/>
    <Step Id="post_place_power_opt_design"/>
    <Step Id="phys_opt_design"/>
    <Step Id="route_design"/>
    <Step Id="post_route_phys_opt_design"/>
    <Step Id="write_bitstream"/>
    <Step Id="write_device_image"/>
  </Strategy>
  <BlockFileSet Type="BlockSrcs" Name="dds_compiler_0"/>
</GenRun>
